Word,TF-IDF Score
data,0.41209775709594537
learning,0.3371708921694099
experience,0.2809757434745082
good,0.2622440272428743
science,0.1873171623163388
place,0.14985372985307105
dataplay,0.14985372985307105
teaching,0.13112201362143716
environment,0.11239029738980329
great,0.11239029738980329
mentors,0.11239029738980329
nishant,0.11239029738980329
every,0.11239029738980329
mahima,0.11239029738980329
sir,0.11239029738980329
supportive,0.0936585811581694
work,0.0936585811581694
analysis,0.0936585811581694
handson,0.0936585811581694
field,0.0936585811581694
helpful,0.0936585811581694
skills,0.0936585811581694
training,0.0936585811581694
guidance,0.07492686492653552
highly,0.07492686492653552
student,0.07492686492653552
really,0.07492686492653552
students,0.07492686492653552
easy,0.07492686492653552
sessions,0.07492686492653552
excel,0.07492686492653552
concepts,0.07492686492653552
nice,0.07492686492653552
understand,0.07492686492653552
maam,0.07492686492653552
make,0.07492686492653552
making,0.07492686492653552
understanding,0.07492686492653552
valuable,0.07492686492653552
engaging,0.056195148694901643
outstanding,0.056195148694901643
realworld,0.056195148694901643
gain,0.056195148694901643
aspiring,0.056195148694901643
approach,0.056195148694901643
clarity,0.056195148694901643
knowledge,0.056195148694901643
instructors,0.056195148694901643
currently,0.056195148694901643
professionals,0.056195148694901643
provided,0.056195148694901643
choice,0.056195148694901643
course,0.056195148694901643
provide,0.056195148694901643
improve,0.056195148694901643
top,0.056195148694901643
excellent,0.056195148694901643
truly,0.056195148694901643
exceptional,0.056195148694901643
help,0.056195148694901643
people,0.03746343246326776
seminar,0.03746343246326776
experienced,0.03746343246326776
remarkably,0.03746343246326776
offers,0.03746343246326776
overall,0.03746343246326776
recommended,0.03746343246326776
mam,0.03746343246326776
friendly,0.03746343246326776
methods,0.03746343246326776
knowledgeable,0.03746343246326776
recommend,0.03746343246326776
gained,0.03746343246326776
institute,0.03746343246326776
insightful,0.03746343246326776
initiative,0.03746343246326776
incredibly,0.03746343246326776
interactive,0.03746343246326776
entering,0.03746343246326776
practical,0.03746343246326776
hearted,0.03746343246326776
power,0.03746343246326776
put,0.03746343246326776
grow,0.03746343246326776
plus,0.03746343246326776
journey,0.03746343246326776
going,0.03746343246326776
personalized,0.03746343246326776
immersive,0.03746343246326776
youre,0.03746343246326776
ensure,0.03746343246326776
education,0.03746343246326776
support,0.03746343246326776
tasks,0.03746343246326776
teachers,0.03746343246326776
curriculum,0.03746343246326776
thoroughly,0.03746343246326776
tools,0.03746343246326776
comprehensive,0.03746343246326776
complex,0.03746343246326776
track,0.03746343246326776
bi,0.03746343246326776
basics,0.03746343246326776
userfriendly,0.03746343246326776
atmosphere,0.03746343246326776
utility,0.03746343246326776
well,0.03746343246326776
analytics,0.03746343246326776
analytical,0.03746343246326776
analyst,0.03746343246326776
working,0.03746343246326776
step,0.03746343246326776
exercises,0.03746343246326776
efficient,0.03746343246326776
statistics,0.03746343246326776
enrolled,0.03746343246326776
single,0.03746343246326776
start,0.03746343246326776
efforts,0.03746343246326776
stay,0.01873171623163388
play,0.01873171623163388
shaping,0.01873171623163388
new,0.01873171623163388
platform,0.01873171623163388
us,0.01873171623163388
understands,0.01873171623163388
updated,0.01873171623163388
personal,0.01873171623163388
possible,0.01873171623163388
trends,0.01873171623163388
transformative,0.01873171623163388
practice,0.01873171623163388
train,0.01873171623163388
precision,0.01873171623163388
pro,0.01873171623163388
softly,0.01873171623163388
weaknesses,0.01873171623163388
perfect,0.01873171623163388
organization,0.01873171623163388
world,0.01873171623163388
offer,0.01873171623163388
offline,0.01873171623163388
wonder,0.01873171623163388
operations,0.01873171623163388
wish,0.01873171623163388
organisation,0.01873171623163388
organized,0.01873171623163388
vibrant,0.01873171623163388
sincere,0.01873171623163388
whether,0.01873171623163388
pace,0.01873171623163388
patience,0.01873171623163388
showcases,0.01873171623163388
wellstructured,0.01873171623163388
small,0.01873171623163388
probability,0.01873171623163388
problems,0.01873171623163388
remarkable,0.01873171623163388
reallife,0.01873171623163388
scenariosi,0.01873171623163388
putting,0.01873171623163388
teach,0.01873171623163388
quality,0.01873171623163388
questions,0.01873171623163388
real,0.01873171623163388
route,0.01873171623163388
tailor,0.01873171623163388
sure,0.01873171623163388
towards,0.01873171623163388
realm,0.01873171623163388
respective,0.01873171623163388
style,0.01873171623163388
study,0.01873171623163388
studies,0.01873171623163388
strengths,0.01873171623163388
resources,0.01873171623163388
regularly,0.01873171623163388
test,0.01873171623163388
provides,0.01873171623163388
thing,0.01873171623163388
scientist,0.01873171623163388
problemthe,0.01873171623163388
topnotch,0.01873171623163388
productive,0.01873171623163388
topics,0.01873171623163388
professional,0.01873171623163388
session,0.01873171623163388
program,0.01873171623163388
started,0.01873171623163388
scientists,0.01873171623163388
programthe,0.01873171623163388
significantly,0.01873171623163388
promise,0.01873171623163388
proper,0.01873171623163388
timings,0.01873171623163388
throughout,0.01873171623163388
thrilled,0.01873171623163388
thought,0.01873171623163388
tons,0.01873171623163388
achieve,0.01873171623163388
natural,0.01873171623163388
constructive,0.01873171623163388
couldnt,0.01873171623163388
covered,0.01873171623163388
covering,0.01873171623163388
cultivate,0.01873171623163388
curiosity,0.01873171623163388
daily,0.01873171623163388
days,0.01873171623163388
deal,0.01873171623163388
dedicated,0.01873171623163388
deepening,0.01873171623163388
deeper,0.01873171623163388
deeply,0.01873171623163388
developments,0.01873171623163388
didnt,0.01873171623163388
discussions,0.01873171623163388
diving,0.01873171623163388
domains,0.01873171623163388
doubts,0.01873171623163388
dynamic,0.01873171623163388
educational,0.01873171623163388
effective,0.01873171623163388
effectively,0.01873171623163388
effort,0.01873171623163388
empowering,0.01873171623163388
enabling,0.01873171623163388
engaged,0.01873171623163388
enhance,0.01873171623163388
enjoyable,0.01873171623163388
enjoyed,0.01873171623163388
content,0.01873171623163388
consistently,0.01873171623163388
multidimensional,0.01873171623163388
confidently,0.01873171623163388
agonew,0.01873171623163388
algorithms,0.01873171623163388
also,0.01873171623163388
amazing,0.01873171623163388
analatics,0.01873171623163388
analysts,0.01873171623163388
anyone,0.01873171623163388
application,0.01873171623163388
appreciate,0.01873171623163388
ask,0.01873171623163388
aspect,0.01873171623163388
assignments,0.01873171623163388
average,0.01873171623163388
begin,0.01873171623163388
beginner,0.01873171623163388
beginners,0.01873171623163388
beyond,0.01873171623163388
bustling,0.01873171623163388
case,0.01873171623163388
characterized,0.01873171623163388
charged,0.01873171623163388
chill,0.01873171623163388
classes,0.01873171623163388
coding,0.01873171623163388
collaboration,0.01873171623163388
commitment,0.01873171623163388
community,0.01873171623163388
concept,0.01873171623163388
confidence,0.01873171623163388
enthusiasm,0.01873171623163388
examples,0.01873171623163388
exceptionally,0.01873171623163388
experts,0.01873171623163388
industry,0.01873171623163388
innovation,0.01873171623163388
insights,0.01873171623163388
institutes,0.01873171623163388
institution,0.01873171623163388
institutions,0.01873171623163388
intellectual,0.01873171623163388
interview,0.01873171623163388
advanced,0.01873171623163388
job,0.01873171623163388
join,0.01873171623163388
keep,0.01873171623163388
latest,0.01873171623163388
leactures,0.01873171623163388
learn,0.01873171623163388
leveling,0.01873171623163388
looking,0.01873171623163388
machine,0.01873171623163388
manageable,0.01873171623163388
master,0.01873171623163388
material,0.01873171623163388
materials,0.01873171623163388
maze,0.01873171623163388
meantors,0.01873171623163388
mentor,0.01873171623163388
mentorship,0.01873171623163388
moreover,0.01873171623163388
motivating,0.01873171623163388
much,0.01873171623163388
incredible,0.01873171623163388
improvise,0.01873171623163388
improved,0.01873171623163388
functionality,0.01873171623163388
explain,0.01873171623163388
explaining,0.01873171623163388
explanations,0.01873171623163388
extend,0.01873171623163388
faculty,0.01873171623163388
fantastic,0.01873171623163388
features,0.01873171623163388
feedback,0.01873171623163388
feel,0.01873171623163388
find,0.01873171623163388
focused,0.01873171623163388
folks,0.01873171623163388
fostered,0.01873171623163388
fundamentals,0.01873171623163388
im,0.01873171623163388
gamechanger,0.01873171623163388
gem,0.01873171623163388
goals,0.01873171623163388
grasp,0.01873171623163388
grateful,0.01873171623163388
gratitude,0.01873171623163388
greeted,0.01873171623163388
growth,0.01873171623163388
guide,0.01873171623163388
guiding,0.01873171623163388
helped,0.01873171623163388
helping,0.01873171623163388
helps,0.01873171623163388
invaluable,0.01873171623163388
